Easting (X),Northing (Y),Hosp
36.8720909,-1.2565106,"Airbase, Nairobi, Kenya"
36.7476257,-1.3640944,"Nairobi, Kenya"
,,
,,
36.8012999,-1.2616292,"Sarit Center, 4th Floor, Nairobi, Kenya"
,,
,,
,,
36.873781,-1.232811,"1st Floor Mountain Mall Mountain Mall, Nairobi, Kenya"
36.8211259,-1.2842887,"07, Nairobi, Kenya"
,,
,,
36.812022,-1.2675001,"Westlands, Nairobi, Kenya"
,,
,,
36.872984,-1.296867,"Viwandani, Makadara, Makadara, Nairobi, Kenya"
,,
36.8640441,-1.2527437,"Utalii, Ruaraka, Nairobi, Kenya"
36.8605223,-1.2599216,"Nairobi, Kenya"
,,
,,
36.7779108,-1.0586336,"Githunguri, Kenya"
36.7969894,-1.3149787,"Lindi, Kibra, Nairobi, Kenya"
,,
36.8219462,-1.2920659,"Nairobi, Kenya"
36.8271712,-1.2852005,"Mfangano Street, Nairobi, Kenya"
36.7452228,-1.2864403,"Nairobi, Kenya"
,,
,,
,,
,,
36.8391565,-1.2769237,"Starehe Boys Centre and School, Nairobi City, Kenya"
36.8869064,-1.2184586,"Zimmerman, Nairobi, Kenya"
36.805034,-1.2784487,"State House Clinic, Aboretum Drive, Kilimani sublocation, Kilimani location, Kilimani division, Westlands, Nairobi, 00400, Kenya"
36.7992,-1.2844,"PQ8X+6MP, Nairobi, Kenya"
36.8147618,-1.3094585,"Nairobi West, Nairobi, Kenya"
,,
36.8707245,-1.2529373,"Nairobi, Kenya"
36.728583,-1.365292,"Karen Boyani Rd, Nairobi, Kenya"
36.7261608,-1.3360961,"The Karen Hospital Premises, Langata Rd, Nairobi, Kenya"
36.898878,-1.322973,"Embakasi Outer Ring Rd Taj Mall, Nairobi, Kenya"
36.8043475,-1.2608184,"Parklands/Highridge, Westlands, Nairobi, Kenya"
36.8815479,-1.2922481,"Buruburu, Nairobi, Kenya"
36.83483744,-1.30756905,"The Mater Misericordiae Hospital Mukuru, Kabras Road, South B, Nairobi South ward, Nairobi, Starehe, Nairobi, 00500, Kenya"
36.7652968,-1.3436931,"Galleria Mall Langata Road P O 30026 Nairobi KE, Nairobi, Kenya"
36.8909401,-1.2503642,"Korogocho, Nairobi, Kenya"
36.812022,-1.2675001,"Karura, Westlands, Nairobi, Kenya"
36.9176244,-1.2729795,"Central Main, Kayole Spine Rd, Nairobi, Kenya"
36.9078919,-1.2650516,"Kangaru Rd, Nairobi, Kenya"
36.7810267,-1.3076217,"Vostrum Clinic, Kibera Drive, Woodley Toi Area, Makina ward, Kibra, Nairobi, 44847, Kenya"
36.8150205,-1.2911634,"Kilimani, Dagoretti North, Dagoretti North, Nairobi, Kenya"
36.9025814,-1.2482996,"Dandora, Nairobi, Kenya"
36.844991,-1.2649739,"Blessed Medical Clinic, Muratina Street, Mlango Kubwa ward, Mathare, Nairobi, Starehe, Nairobi, 00100, Kenya"
,,
36.8943307,-1.3178339,"Blissgvs Health CarePipeline, Outer Ring Road, Pipeline, Pipeline ward, Embakasi, Nairobi, 00501, Kenya"
36.8706739,-1.296014,"Kamukunji, Nairobi, Kenya"
,,
,,
36.8815565,-1.2922992,"Pipeline, Embakasi South, Embakasi South, Nairobi, Kenya"
36.879767,-1.2842977,"Harambee, Makadara, Nairobi, Kenya"
36.7879776,-1.3114234,"Woodley, Kibra, Kibra, Nairobi, Kenya"
36.9022144,-1.2180641,"Kasarani Mwiki Rd, Nairobi, Kenya"
36.81019362,-1.26878195,"Aga Khan Chiromo Lane Medical Centre  Westlands Branch, 11, Chiromo Lane, Highridge sublocation, Highridge location, Highridge division, Westlands, Nairobi, 97104, Kenya"
36.7280692,-1.2889834,"Dagoretti, Kenya"
36.7280263,-1.2889976,"Kilimani, Dagoretti North, Dagoretti North, Nairobi, Kenya"
,,
36.895604,-1.2645893,"Embakasi West, Nairobi, Kenya"
36.902423,-1.2209712,"Njiru, Nairobi, Kenya"
36.9025814,-1.2482996,"Dandora, Nairobi, Kenya"
36.9025814,-1.2482996,"Dandora, Nairobi, Kenya"
36.9025341,-1.2482437,"Dandora Area III, Embakasi North, Embakasi North, Nairobi, Kenya"
36.9089039,-1.2430606,"QW45+QHC, Muigai Kenyatta Rd, Nairobi, Kenya"
36.7879776,-1.3114234,"Woodley, Kibra, Kibra, Nairobi, Kenya"
,,
36.8232169,-1.280848,"PR9F+M78, Keekorok Rd, Nairobi City, Kenya"
,,
36.8304167,-1.2781236,"Ngara, Nairobi, Kenya"
36.8219462,-1.2920659,"Kahawa, Nairobi, Kenya"
36.83416825,-1.3118526,"Flack medical clinic, Mchumbi Road, South B, Nairobi South ward, Nairobi, Starehe, Nairobi, 00603, Kenya"
36.894421,-1.220115,"Icipe Rd, Nairobi, Kenya"
36.8977676,-1.3237858,"Garrison Health Centre, Airport North Road, Embakasi, Pipeline ward, Embakasi, Nairobi, 00501, Kenya"
36.8869064,-1.2184586,"Nairobi, Kenya"
36.9025814,-1.2482996,"Dandora, Nairobi, Kenya"
,,
,,
36.8709715,-1.2869846,"Harambee, Makadara, Makadara, Nairobi, Kenya"
36.7401575,-1.2863062,"PP7R+F3F, Nairobi, Kenya"
36.8939368,-1.3165359,"Kenya Pipeline Estate, Nairobi, Kenya Kwa Chief Rd Pipeline Embakasi South, Nairobi, Kenya"
36.913794,-1.2064151,"Githurai, Nairobi, Kenya"
,,
,,
36.7879776,-1.3114234,"Woodley, Kibra, Kibra, Nairobi, Kenya"
36.7879776,-1.3114234,"Woodley, Kibra, Kibra, Nairobi, Kenya"
36.858452,-1.2619528,"Hospital, Mathare, Nairobi, Kenya"
36.8315919,-1.2963419,"Nairobi South, Starehe, Starehe, Nairobi, Kenya"
,,
36.8227456,-1.2837414,"Kimathi St, Nairobi, Kenya"
36.8408989,-1.2699645,"PRJR+296, Nairobi, Kenya"
,,
36.7920489,-1.3156087,"Lindi, Kibra, Nairobi, Kenya"
36.7503157,-1.2552917,"Kaptagat Rd, Nairobi, Kenya"
36.8532,-1.28484,"Nairobi, Kenya"
36.8259841,-1.2868255,"Kilimani, Dagoretti North, Dagoretti North, Nairobi, Kenya"
,,
36.8808189,-1.3092699,"Viwandani, Makadara, Nairobi, Kenya"
36.8729052,-1.2969525,"Maringo, Jogoo Rd, Nairobi, Kenya"
36.860849,-1.290725,"Nairobi, Kenya"
36.7882765,-1.3100272,"Makina Clinic, Sheikh Mahmoud Road, Makina ward, Kibra, Nairobi, 44847, Kenya"
,,
,,
,,
36.9191317,-1.2751111,"Kayole South, Embakasi Central, Embakasi Central, Nairobi, Kenya"
36.8976372,-1.2253995,"Ruai, Nairobi, Kenya"
36.9407301,-1.3921923,"3Ds HOTEL, new weighbridge, Mlolongo, Kenya"
36.9727454,-1.2866604,"Utawala, Embakasi East, Embakasi East, Nairobi, Kenya"
36.7280692,-1.2889834,"Dagoretti, Kenya"
36.8253042,-1.2859911,"Nairobi Central, Starehe, PR7G+J43 Starehe, Nairobi, Kenya"
36.7857521,-1.2981586,"Kindaruma Road, opp kindaruma courts, Nairobi, Kenya"
36.7543886,-1.3961672,"Lindi, Kibra, Nairobi, Kenya"
36.8398293,-1.2667224,"Pangani, Nairobi, Kenya"
,,
36.8659998,-1.2905471,"Maringo/Hamza, Makadara, Nairobi, Kenya"
,,
,,
,,
36.866012,-1.2531189,"Near Moska Plaza, Along Mathare North Road, Off Mathare North Road, Nairobi, Kenya"
36.862699,-1.2052859,"Nairobi, Kenya"
36.8842093,-1.3212942,"Mugumo-ini, Nairobi, Kenya"
36.8567395,-1.2926065,"Nairobi, Kenya"
,,
36.8556296,-1.2652354,"PVM4+W72, Mathare N Rd, Nairobi, Kenya"
36.8661231,-1.2561557,"Hospital, Nairobi, Kenya"
36.8485962,-1.2607471,"Hospital, Mathare, Nairobi, Kenya"
36.8465546,-1.2608177,"PRQV+RRH, A2, Nairobi, Kenya"
36.8957815,-1.2188905,"Kasarani, Nairobi, Kenya"
36.7611906,-1.2438938,"Nairobi, Kenya"
36.9240577,-1.2573518,"Kayole Junction, PWVF+3J3, Kangundo Rd, Nairobi, Kenya"
,,
36.8640861,-1.2915477,"Maringo/Hamza, Nairobi, Kenya"
,,
,,
36.8243556,-1.2763345,"Ngara, Starehe, Starehe, Nairobi, Kenya"
,,
,,
,,
36.8765859,-1.2469147,"Korogocho, Nairobi, Kenya"
36.717489,-1.324555,"Karen Boyani Rd, Nairobi, Kenya"
36.9114873,-1.2785287,"Komarock, Embakasi Central, Embakasi Central, Nairobi, Kenya"
36.9084173,-1.2684944,"Komarocks, Nairobi, Kenya"
,,
36.8909401,-1.2503642,"Korogocho, Nairobi, Kenya"
36.8989906,-1.274009,"Kangundo Road Umoja II Embakasi West Nairobi KE, Nairobi, Kenya"
36.8113635,-1.2881478,"Kilimani, Dagoretti North, Dagoretti North, Nairobi, Kenya"
36.8238991,-1.2819119,"Nairobi Central, Starehe, Starehe, Nairobi, Kenya"
36.7940684,-1.3121712,"Laini Saba, Nairobi, Kenya"
,,
36.825871,-1.289656,"Enterprise Rd, Nairobi, Kenya"
36.7476257,-1.3640944,"Langata, Nairobi, Kenya"
36.7783,-1.3181,"MQJH+Q83, Nairobi, Kenya"
36.78929,-1.3277566,"MQFQ+83H, Gathingu Close, Nairobi, Kenya"
36.7756663,-1.3201734,"Mugumo-ini, Nairobi, Kenya"
36.8252588,-1.2828493,"Annas Arcade, Taveta Rd, Nairobi, Kenya"
36.7799739,-1.3145037,"Lea toto, pool table, Sarang'ombe ward, Kibra, Nairobi, 00517, Kenya"
36.7465103,-1.2722355,"Nairobi, Kenya"
36.7465103,-1.2722355,"Kariobangi South, Embakasi West, Embakasi West, Nairobi, Kenya"
36.871619,-1.3133121,"Kwa Reuben, Embakasi South, Embakasi South, Nairobi, Kenya"
36.6935815,-1.2881433,"Dagoretti South, Dagoretti South, Nairobi, Kenya"
36.8822433,-1.2566053,"Riruta, Dagoretti South, Dagoretti South, Nairobi, Kenya"
36.7790079,-1.3145211,"Nairobi, Kenya"
36.9252782,-1.2268966,"Mwiki, Nairobi, Kenya"
36.8469421,-1.3117872,"Landimawe, Starehe, Starehe, Nairobi, Kenya"
,,
36.8910636,-1.2166818,"Nairobi, Kenya"
36.9164364,-1.2764983,"Kayole Central, Embakasi Central, Embakasi, Nairobi, Kenya"
36.9036037,-1.2481608,"QW23+PCQ, Nairobi, Kenya"
36.783328,-1.314382,"Makina, Lindi rd, Nairobi, Kenya"
,,
,,
36.7254,-1.2911,"PP5G+H52, Nairobi, Kenya"
36.80584,-1.299993,"Nairobi, Kenya"
37.906193,-0.023559,Kenya
,,
37.906193,-0.023559,Kenya
36.895509,-1.227635,"Kasarani, Nairobi, Kenya"
36.801687,-1.2185985,"Nairobi, Kenya"
36.8543926,-1.2577134,"Utalii, Ruaraka, Nairobi, Kenya"
36.8076643,-1.3020942,"Hospital Rd, Nairobi, Kenya"
36.8869064,-1.2184586,"Kahawa, Roysambu, Nairobi, Kenya"
37.02346,-0.681902,"Roysambu Rd Royal Plaza, Nairobi, Kenya"
,,
,,
36.8178624,-1.2847831,"Barclays plaza, Market St, Nairobi, Kenya"
36.8196959,-1.2919586,"ABRA Health Services, Uhuru Highway, Kilimani sublocation, Kilimani location, Kilimani division, Westlands, Nairobi, 40476, Kenya"
36.7394386,-1.2711928,"Nairobi, Kenya"
36.8072381,-1.2960508,"Kileleshwa, Dagoretti North, Dagoretti North, Nairobi, Kenya"
36.8209419,-1.2841019,"PR8C+994, Banda St, Nairobi City, Kenya"
36.8656041,-1.2822758,"PV98+CH3, Nairobi, Kenya"
36.8741313,-1.3112846,"Viwandani, Nairobi, Kenya"
,,
,,
,,
36.8032509,-1.3076849,"Woodley, Kibra, Kibra, Nairobi, Kenya"
36.8454736,-1.2806505,"Makongeni, Makadara, Nairobi, Kenya"
36.7886424,-1.2601889,"Waiyaki Wy, Nairobi, Kenya"
,,
,,
36.7394386,-1.2711928,"Karura, Westlands, Nairobi, Kenya"
,,
,,
,,
,,
,,
,,
,,
36.7553831,-1.2944867,"Naivasha Rd, Nairobi, Kenya"
36.7553831,-1.2944867,"Naivasha Rd, Nairobi, Kenya"
,,
36.7989832,-1.2946147,"Kilimani, Dagoretti North, Dagoretti North, Nairobi, Kenya"
36.8280973,-1.2878795,"Lindi, Kibra, Nairobi, Kenya"
,,
36.7502267,-1.2823105,"Kabiro, Dagoretti North, Dagoretti South, Nairobi, Kenya"
36.8243208,-1.3078028,"Bukani Rd, Nairobi, Kenya"
,,
36.8815479,-1.2922481,"Buruburu, Nairobi, Kenya"
36.834656,-1.316227,"Viwandani, Capital Centre, Mombasa Road, Nairobi, Kenya"
36.822603,-1.283219,"Landimawe, Starehe, Starehe, Nairobi, Kenya"
,,
36.822603,-1.283219,"Nation Centre, Kimathi St, Nairobi, Kenya"
36.8971181,-1.2939161,"Upper Savannah, Embakasi East, Embakasi East, Nairobi, Kenya"
,,
36.8750659,-1.2877633,"Harambee, Makadara, Nairobi, Kenya"
,,
,,
,,
,,
,,
,,
36.8328453,-1.307123,"Nairobi Central, Starehe, Starehe, Nairobi, Kenya"
36.8275152,-1.2253029,"Karura, Westlands, Nairobi, Kenya"
,,
36.8595251,-1.2660341,"Airbase, PVM6+4GP, Nairobi, Kenya"
,,
36.9027045,-1.1990895,"Githurai, Nairobi, Kenya"
36.8842093,-1.3212942,"Muthwani, Athi River, Mavoko, Machakos, Kenya"
,,
36.8120972,-1.2634829,"Shivaji Road, Nairobi, Kenya"
36.8337414,-1.2847449,"Airbase, Nairobi, Kenya"
36.852287,-1.2660209,"Airbase, Nairobi, Kenya"
36.7879776,-1.3114234,"Sarang'ombe, Nairobi, Kenya"
36.8014305,-1.3154753,"Nyayo Highrise, Nairobi, Kenya"
36.7523652,-1.2822722,"Kawangware, Dagoretti North, Dagoretti North, Nairobi, Kenya"
36.7879776,-1.3114234,"Woodley, Kibra, Kibra, Nairobi, Kenya"
36.7745442,-1.3120192,"Sarang'ombe, Nairobi, Kenya"
36.7933882,-1.2971868,"Sarang'ombe, Nairobi, Kenya"
36.7879475,-1.3114845,"Kibera, Nairobi, Kenya"
36.7956466,-1.3112197,"Laini Saba, Nairobi, Kenya"
36.7823001,-1.308674,"Makina, Nairobi, Kenya"
36.7920489,-1.3156087,"Lindi, Kibra, Nairobi, Kenya"
36.7821469,-1.3078514,"Makina, Nairobi, Kenya"
36.7896226,-1.3133573,"MQPQ+MR5, Nairobi, Kenya"
36.7879475,-1.3114845,"Kibera, Nairobi, Kenya"
36.809252,-1.2646436,"Ngara, Starehe, Starehe, Nairobi, Kenya"
36.85386,-1.371275,"Mugumoini, Nairobi, Kenya"
,,
36.7821855,-1.3112736,"MQQJ+FVV, Nairobi, Kenya"
36.7572707,-1.3408959,"Karen Boyani Rd, Nairobi, Kenya"
,,
36.7509,-1.2592,"PQR2+89C, Nairobi, Kenya"
36.88044,-1.240591,"Kariobangi, Nairobi, Kenya"
36.881039,-1.254463,"Nairobi, Kenya"
36.8842637,-1.2638072,"Kariobangi South, Embakasi West, Embakasi West, Nairobi, Kenya"
36.8365969,-1.2788586,"PRCP+FJ5, Nairobi, Kenya"
,,
,,
36.842999,-1.2563399,"Kiambu Rd, Nairobi City, Kenya"
36.9061551,-1.2204355,"Kasarani Outlet 2, Nairobi, Kenya"
36.9026084,-1.2207146,"Kasarani, Nairobi, Kenya"
36.9061551,-1.2204355,"Clay City, Nairobi, Kenya"
36.8976372,-1.2253995,"Kasarani, Nairobi, Kenya"
,,
36.7491582,-1.2875246,"Kawangware, Dagoretti North, Dagoretti North, Nairobi, Kenya"
,,
36.9069054,-1.1858857,"RW74+JQR, Nairobi, Kenya"
,,
36.688534,-3.3692817,"Arusha CC Kaloleni Kaloleni Mashariki Arusha Region, Arusha, Tanzania"
36.8425202,-1.2938572,"Kaloleni, Nairobi, Kenya"
36.9157976,-1.2773942,"Kayole, Nairobi, Kenya"
36.917863,-1.272779,"Kayole North, Embakasi Central, Embakasi Central, Nairobi, Kenya"
36.915837,-1.2774035,"Kayole South, Embakasi Central, Embakasi Central, Nairobi, Kenya"
36.7456511,-1.2399854,"Nairobi, Kenya"
36.894575,-1.1769246,"Nairobi, Kenya"
36.894575,-1.1769246,"Nairobi, Kenya"
36.8869064,-1.2184586,"Zimmerman, Nairobi, Kenya"
36.7449448,-1.271249,"Mountain View, Westlands, PPGV+G5V, Thiongo Rd, Nairobi, Kenya"
36.7492113,-1.2671385,"PPMX+4MW, Nairobi, Kenya"
36.8976372,-1.2253995,"Ruai, Nairobi, Kenya"
36.7869311,-1.2892786,"Kilimani, Dagoretti North, Dagoretti North, Nairobi, Kenya"
,,
36.8947127,-1.2068326,"Zimmerman, Nairobi, Kenya"
36.8922951,-1.2842861,"Umoja I, Embakasi West, Embakasi West, PV9Q+9Q4, Nairobi, Kenya"
,,
,,
36.8481278,-1.2733723,"Eastleigh, Nairobi, Kenya"
36.7794103,-1.3003942,"Ngong Rd, Nairobi, Kenya"
36.8322101,-1.273666,"Opposite Mosque, Park Road, Nairobi, Kenya"
36.8063923,-1.2585137,"19 Jalaram Rd, Nairobi, Kenya"
36.8730802,-1.2816231,"Buru Buru Rd, Nairobi, Kenya"
36.8032928,-1.2652201,"Nairobi, Kenya"
,,
,,
36.8600884,-1.2951539,"Eastlands Cres, Nairobi, Kenya"
36.7488139,-1.2873647,"Kawangware, Dagoretti North, Dagoretti North, Nairobi, Kenya"
36.7428179,-1.2873092,"Riruta, Dagoretti South, Dagoretti South, Nairobi, Kenya"
,,
,,
36.8219462,-1.2920659,"Nairobi, Kenya"
,,
36.8267823,-1.3130379,"South C, Nairobi, Kenya"
36.9245295,-1.3225242,"Jomo Kenyatta International Airport NBO, Embakasi, Nairobi, Kenya"
36.7879475,-1.3114845,"Kibera, Nairobi, Kenya"
36.8337414,-1.2847449,"Nairobi, Kenya"
36.8942279,-1.2089855,"QVRV+CM5, Zimmerman Base Road, Nairobi City, Kenya"
36.8640861,-1.2915477,"Maringo/Hamza, Makadara, Nairobi, Kenya"
36.8389795,-1.2695338,"Starehe, Nairobi, Kenya"
,,
36.7118971,-1.2231864,"Kabete, Kenya"
36.7782363,-1.2587589,"Nairobi, Kenya"
,,
,,
,,
36.7879776,-1.3114234,"Woodley, Kibra, Kibra, Nairobi, Kenya"
36.8662417,-1.2442653,"Utalii, Ruaraka, Nairobi, Kenya"
,,
36.83206974,-1.2696504,"Guru Nanak Hospital, Murang'a Road, Ngara, Ngara East sublocation, Ngara location, Nairobi, CBD division, Starehe, Nairobi, 30108, Kenya"
36.7869311,-1.2892786,"Kilimani, Dagoretti North, Dagoretti North, Nairobi, Kenya"
36.916974,-1.273168,"Nairobi, Kenya"
,,
,,
,,
,,
,,
,,
,,
,,
,,
36.920819,-1.2067788,"Githurai, Nairobi, Kenya"
36.8856975,-1.2480559,"Kariobangi North, Embakasi North, Embakasi North, Nairobi, Kenya"
37.906193,-0.023559,Kenya
36.8716101,-1.3142767,"Maringo/Hamza, Nairobi, Kenya"
36.9184661,-1.2271994,"Clay City, Nairobi, Kenya"
,,
36.8366525,-1.2650654,"Underground Pass, Thika Rd, Nairobi, Kenya"
36.7879776,-1.3114234,"Sarang'ombe, Nairobi, Kenya"
,,
36.8720909,-1.2565106,"Nairobi South, Starehe, Starehe, Nairobi, Kenya"
,,
36.8721139,-1.2564898,"Huruma, Nairobi, Kenya"
36.8741664,-1.2605817,"Nairobi, Kenya"
36.8751874,-1.2573029,"Near St. Judes ACK Parish, Huruma Rd, Nairobi, Kenya"
36.7977003,-1.2703238,"Riverside Dr Parklands/Highridge, Nairobi, Kenya"
36.7977003,-1.2703238,"Riverside Dr Parklands/Highridge, Nairobi, Kenya"
,,
36.8556494,-1.2660713,"California, Nairobi, Kenya"
,,
36.7507498,-1.2636335,"Nairobi, Kenya"
36.744382,-1.2898909,"Naivasha Rd, Nairobi, Kenya"
36.77845,-1.311489,"Joseph Kangethe Rd, Laini Saba, Nairobi, Kenya"
36.707031,-1.322875,"Ngong Rd, Nairobi, Kenya"
36.8511148,-1.2651328,"Mabatini, Mathare, Nairobi, Kenya"
,,
,,
36.8219462,-1.2920659,"Upper Savannah, Embakasi East, Embakasi East, Nairobi, Kenya"
,,
36.911115,-1.2668841,"Komarock, Embakasi Central, Embakasi, Nairobi, Kenya"
36.8398293,-1.2667224,"Pangani, Nairobi, Kenya"
36.7727311,-1.28688495,"Gertrudes Childrens Hospital, Othaya Road, Kileleshwa sublocation, Kileleshwa location, Kilimani division, Westlands, Nairobi, 54102, Kenya"
36.7727855,-1.286842,"Othaya Rd, Nairobi, Kenya"
36.8877613,-1.2950811,"5th Ln, Nairobi, Kenya"
36.8999616,-1.3237858,"Embakasi, Nairobi, Kenya"
36.8873731,-1.2953701,"Getrudes Children's Hospital Donholm, Manyanja Road, Tena, Umoja II ward, Embakasi, Nairobi, 00515, Kenya"
36.9121518,-1.3644024,"Gateway Mall Mombasa Road Mombasa Road, Opposite Kapa Oil, Nairobi, Kenya"
,,
,,
36.7138684,-1.2819632,"Waithaka, Dagoretti South, Dagoretti South, Nairobi, Kenya"
36.7419871,-1.2840698,"Uthiru/Ruthimitu, Dagoretti South, Dagoretti South, Nairobi, Kenya"
36.8236816,-1.2165592,"Githogoro Village, Nairobi, Kenya"
36.8259841,-1.2868255,"Kilimani, Dagoretti North, Dagoretti North, Nairobi, Kenya"
36.913794,-1.2064151,"Githurai, Nairobi, Kenya"
36.9161416,-1.2033793,"Githurai, Nairobi, Kenya"
36.806605,-1.29475,"PR44+8J9 Java House, Ralph Bunche Rd, Nairobi, Kenya"
37.0672199,-1.2824368,"Nairobi, Kenya"
36.7476257,-1.3640944,"Langata, Nairobi, Kenya"
,,
36.6903289,-1.316866,"Karen Boyani Rd, Nairobi, Kenya"
36.749551,-1.2692431,"Nairobi, Kenya"
,,
,,
36.8510721,-1.2718483,"Nairobi, Kenya"
,,
,,
36.8884591,-1.3017643,"MVXQ+79W, Caltex Road, Nairobi, Kenya"
36.9084173,-1.2684944,"Komarocks, Nairobi, Kenya"
36.9379857,-1.2517668,"Embakasi, Nairobi, Kenya"
36.9863415,-1.2536408,"Ruai, Nairobi, Kenya"
36.9115841,-1.2878119,"Lower Savannah, Embakasi East, Embakasi East, PW66+VJG, Nairobi, Kenya"
,,
,,
,,
,,
36.8999616,-1.3237858,"Embakasi, Nairobi, Kenya"
36.8926061,-1.3280597,"Nairobi, Kenya"
36.8999616,-1.3237858,"Embakasi, Nairobi, Kenya"
36.8999616,-1.3237858,"Embakasi, Nairobi, Kenya"
36.8178918,-1.2598822,"Parklands/Highridge, Westlands, Nairobi, Kenya"
,,
,,
,,
36.745117,-1.2952737,"Next To J & J Ndema Flats, Satelite, PP3W+V2X, Ngotho Rd, Nairobi, Kenya"
36.8640861,-1.2915477,"Maringo/Hamza, Nairobi, Kenya"
,,
36.915837,-1.2774035,"Kayole Central, Embakasi Central, Embakasi, Nairobi, Kenya"
36.816448,-1.2833702,"PR88+MH4, Utalii St, Nairobi, Kenya"
36.8957055,-1.2145367,"1445 Zimmermerman, Nairobi, Kenya"
36.913794,-1.2064151,"Githurai, Nairobi, Kenya"
36.816017,-1.3133493,"Nairobi West, Nairobi, Kenya"
,,
36.7879776,-1.3114234,"Woodley, Kibra, Kibra, Nairobi, Kenya"
37.906193,-0.023559,Kenya
,,
,,
36.872984,-1.296867,"Maringo/Hamza, Nairobi, Kenya"
36.872984,-1.296867,"Maringo/Hamza, Nairobi, Kenya"
36.8862348,-1.218301,"Nairobi, Kenya"
36.8904355,-1.3245131,"Kwa Njenga, Embakasi South, Embakasi South, Nairobi, Kenya"
,,
,,
,,
36.8474113,-1.3107676,"Sarang'ombe, Nairobi, Kenya"
36.7259636,-1.3591614,"Karen Boyani Rd, Nairobi, Kenya"
,,
36.87947,-1.256788,"Kariobangi North, Embakasi North, Embakasi North, Nairobi, Kenya"
,,
36.7879776,-1.3114234,"Lindi, Kibra, Nairobi, Kenya"
,,
,,
36.916706,-1.2482,"Conerstone Clinic, Koma Rock Road, Nairobi, Njiru, Nairobi, 55145, Kenya"
,,
36.913809,-1.2705351,"Kayole North, Off Kayole Spine Rd, Nairobi, Kenya"
36.8977676,-1.3237858,"Connections Medical Clinic, Airport North Road, Embakasi, Pipeline ward, Embakasi, Nairobi, 00501, Kenya"
36.8129858,-1.2539769,"Parklands/Highridge, Westlands, Nairobi, Kenya"
36.7976097,-1.29763,"Ngong Rd, Nairobi, Kenya"
,,
36.8914527,-1.2880036,"Umoja II, Embakasi West, Embakasi West, Nairobi, Kenya"
,,
,,
,,
,,
,,
36.8207967,-1.2829998,"Nairobi Central, Starehe, Starehe, Nairobi, Kenya"
36.8381218,-1.2662819,"Starehe, Nairobi, Kenya"
36.8208156,-1.2828251,"Jamia Plaza Kigali Sreet, Nairobi, Kenya"
36.8207967,-1.2829998,"Nairobi Central, Starehe, Starehe, Nairobi, Kenya"
,,
36.9120253,-1.2683626,"Komarock, Embakasi Central, Embakasi Central, Nairobi, Kenya"
,,
36.8640861,-1.2915477,"Maringo, Nairobi, Kenya"
,,
36.9025341,-1.2482437,"Dandora Area III, Embakasi North, Embakasi North, Nairobi, Kenya"
,,
36.8843436,-1.2339809,"Nairobi City, Kenya"
39.5686794,-4.2743671,"PHG9+7F3, Ukunda-Ramisi Rd, Ukunda, Kenya"
36.796377,-1.304082,"Sarang'ombe, Nairobi, Kenya"
36.8835566,-1.2672487,"Dandora Area I, Mutarakwa Rd, Nairobi, Kenya"
36.914544,-1.270479,"North, Kenya"
36.7869311,-1.2892786,"Kilimani, Dagoretti North, Dagoretti North, Nairobi, Kenya"
36.7786562,-1.3268598,"Mugumo-ini, Nairobi, Kenya"
,,
36.888508,-1.2756965,"Kariobangi South, Embakasi West, Embakasi West, Nairobi, Kenya"
,,
,,
36.7476257,-1.3640944,"Nairobi, Kenya"
36.8219462,-1.2920659,"Nairobi, Kenya"
,,
36.8178918,-1.2598822,"Parklands/Highridge, Westlands, Nairobi, Kenya"
36.799318,-1.298001,"Bemuda Plaza, Ngong Rd, Nairobi, Kenya"
36.806726,-1.294659,"Medical Center, Ralph Bunche Rd, Nairobi, Kenya"
,,
36.8118192,-1.263187,"Nairobi, Kenya"
36.8178918,-1.2598822,"Parklands/Highridge, Westlands, Nairobi, Kenya"
36.7869311,-1.2892786,"Kilimani, Dagoretti North, Dagoretti North, Nairobi, Kenya"
36.8035436,-1.2957842,"The Nairobi Hospital Laborarory Building, 2nd Floor rm 202 Argwings Kodhek Road, Nairobi, Kenya"
36.8219462,-1.2920659,"Nairobi, Kenya"
,,
36.8854838,-1.2614676,"Koma Rock Road Dandora phase 1 Dandora Nairobi City, Nairobi, Kenya"
36.8890776,-1.3241918,"Grace House, Catherine Ndereba Road, Nairobi, Kenya"
37.170671,-1.40797,"Muthwani, Athi River, Mavoko, Machakos, Kenya"
36.8266851,-1.2837163,"Raiciri Hse, Accra Rd, Nairobi, Kenya"
,,
,,
36.806603,-1.294758,"Woodley, Kibra, Kibra, Nairobi, Kenya"
,,
36.8020872,-1.2956378,"Kilimani Nairobi Hospital Doctor’s Plaza Dagoreti North, Nairobi, Kenya"
36.811973,-1.290132,"Kilimani, Dagoretti North, Dagoretti North, Nairobi, Kenya"
36.828085,-1.2878412,"Afya Centre, Nairobi, Kenya"
,,
36.823968,-1.284998,"Nairobi Central, Starehe, Starehe, Nairobi, Kenya"
,,
36.8798649,-1.2577075,"Nairobi, Kenya"
,,
36.8229056,-1.2898124,"Nairobi Central, Starehe, Starehe, Nairobi, Kenya"
36.8219462,-1.2920659,"Nairobi, Kenya"
,,
,,
36.6903404,-1.2826547,"Uthiru/Ruthimitu, Dagoretti South, Dagoretti South, Nairobi, Kenya"
,,
36.8191878,-1.2800161,"Nairobi Central, Starehe, Starehe, Nairobi, Kenya"
,,
36.8219462,-1.2920659,"Nairobi, Kenya"
,,
,,
,,
36.8840185,-1.24375,"Nairobi, Kenya"
36.8765859,-1.2469147,"QV3H+FP6, Baba Dogo Rd, Nairobi, Kenya"
36.8808788,-1.2438912,"Baba Dogo, Nairobi, Kenya"
,,
36.7550883,-1.2685439,"Nairobi, Kenya"
36.8606809,-1.2890282,"Bahati Health Centre, Natron Road, Kimathi sublocation, Maringo/Hamza ward, Makadara subcounty, Nairobi, 00610, Kenya"
36.8628749,-1.2890282,"Heshima Ave, Nairobi, Kenya"
36.9004979,-1.3060895,"Bahati Tassia Medical Centre, Dolphin Court, Kwa Ndege, Tassia, Embakasi, Nairobi, 00515, Kenya"
,,
36.8219462,-1.2920659,"Nairobi, Kenya"
36.902081,-1.222583,"Mathare North, Ruaraka, Nairobi, Kenya"
,,
36.7879776,-1.3114234,"Woodley, Kibra, Kibra, Nairobi, Kenya"
,,
36.8054,-1.2947749,"Kilimani, Dagoretti North, Dagoretti North, Nairobi, Kenya"
36.8132306,-1.298356,"Upper Hill, Nairobi, Kenya"
36.9175557,-1.2741518,"PWG9+82F Embakasi Central, Nairobi, Kenya"
36.8219462,-1.2920659,"Nairobi, Kenya"
,,
36.8246604,-1.2819238,"Kileleshwa, Dagoretti North, Dagoretti North, Nairobi, Kenya"
36.7920489,-1.3156087,"Lindi, Kibra, Nairobi, Kenya"
36.769084,-1.33652,"Karen Boyani Rd, Nairobi, Kenya"
,,
36.85386,-1.371275,"Mugumo-ini, Nairobi, Kenya"
,,
36.8498897,-1.2870548,"Nairobi, Kenya"
36.8161136,-1.2831679,"Kabiro, Dagoretti North, Dagoretti South, Nairobi, Kenya"
36.8844394,-1.3144759,"Alice Nursing Home, Quarry road, Kware, Kware ward, Embakasi, Nairobi, 00501, Kenya"
,,
,,
36.8222123,-1.2619718,"3rd Parklands Avenue, Nairobi, Kenya"
36.807294,-1.289115,"Kilimani, Dagoretti North, Dagoretti North, Nairobi, Kenya"
36.812022,-1.2675001,"Karura, Westlands, Nairobi, Kenya"
,,
,,
36.8774526,-1.2791978,"Harambee, National Library Services Complex, Mumias S Rd, Nairobi, Kenya"
36.7628718,-1.3953635,"South C, Nairobi, Kenya"
36.8622373,-1.2633783,"Airbase, Nairobi, Kenya"
36.8137023,-1.2583752,"Parklands/Highridge, Westlands, Nairobi, Kenya"
,,
36.8986484,-1.2397456,"Nairobi, Kenya"
36.891384,-1.2163726,"Zimmerman, Nairobi, Kenya"
,,
,,
36.8999616,-1.3237858,"Upper Savannah, Embakasi East, Embakasi East, Nairobi, Kenya"
,,
,,
,,
,,
37.906193,-0.023559,Kenya
36.8943,-1.2507,"PVXV+PPF, Nairobi, Kenya"
,,
,,
,,
,,
36.957592,-1.2897282,"Nairobi, Kenya"
,,
36.8223358,-1.2854576,"Nairobi South, Starehe, Starehe, Nairobi, Kenya"
36.8877275,-1.325261,"Kwa Reuben, Nairobi, Kenya"
,,
,,
36.8691266,-1.2574218,"PVR9+VQ7, Nairobi, Kenya"
36.9025341,-1.2482437,"Dandora Area II, Embakasi North, Embakasi North, Nairobi, Kenya"
,,
,,
36.745741,-1.269672,"Gatina, Kenya"
36.8337743,-1.287693,"Landimawe, Starehe, Starehe, Nairobi, Kenya"
36.6966148,-1.2890552,"PM5W+VCP, Kikuyu Rd, Nairobi, Kenya"
36.8918044,-1.251075,"Dandora Area I, Embakasi North, Embakasi North, Nairobi, Kenya"
38.3639837,-3.5032932,"Mwatate, Kenya"
38.3639837,-3.5032932,"Mugumo-ini, Nairobi, Kenya"
36.9105152,-1.2756071,"Kayole Central, Embakasi Central, Embakasi, Nairobi, Kenya"
36.9084356,-1.2684816,"Komarock, Embakasi Central, Embakasi, Nairobi, Kenya"
36.8219462,-1.2920659,"Nairobi, Kenya"
36.8640861,-1.2915477,"Maringo/Hamza, Nairobi, Kenya"
36.8477148,-1.2799193,"General Waruingi St, Eastleigh, Next to Nomad Palace Hotel, Nairobi, Kenya"
36.807249,-1.296008,"General Accident House, Ralph Bunche Rd, Nairobi, Kenya"
36.8033705,-1.2958727,"Argwings Kodhek Road, Nairobi, Kenya"
36.818561,-1.280456,"Nairobi Central, Nairobi, Kenya"
36.8243556,-1.2763345,"Opposite River Bank Primary, PRFF+FP9, Ramesh Gautama Rd, Nairobi, Kenya"
36.8223358,-1.2854576,"Landimawe, Starehe, Starehe, Nairobi, Kenya"
36.8382885,-1.3113355,"Nairobi South, Nairobi, Kenya"
36.8284886,-1.3138048,"Muhoho Ave, Nairobi, Kenya"
36.8228861,-1.319715,"Nairobi West, Nairobi, Kenya"
36.825881,-1.3066017,"Gandhi Ave, Nairobi, Kenya"
36.810345,-1.316366,"Off Langâ€™ata rd, Nairobi, Kenya"
36.8481278,-1.2733723,"Eastleigh, Nairobi, Kenya"
36.8219462,-1.2920659,"Nairobi, Kenya"
36.781836,-1.298969,"Kilimani Rd Kilimani Dagoreti North NULL, Nairobi, Kenya"
36.7879942,-1.3114323,"Nakhayo Medical Clinic, Ali Jaden Road, Kibera, Lindi ward, Kibra, Nairobi, 44847, Kenya"
36.902924,-1.1998865,"Githurai, Kenya"
36.8068995,-1.3049353,"Kenyatta Hospital Estate, Nairobi City, Kenya"
,,
36.8062165,-1.3051163,"MRV4+XF4, Nairobi, Kenya"
36.7940172,-1.2877694,"off Rose Ave, Nairobi, Kenya"
36.8640441,-1.2527437,"Utalii, Ruaraka, Nairobi, Kenya"
36.7917431,-1.3142297,"MQPR+8M5, Sheikh Mahmoud Rd, Nairobi, Kenya"
36.7878418,-1.2889569,"Turbo Road, off Lenana Rd, Nairobi, Kenya"
36.8345303,-1.3049567,"California, Nairobi, Kenya"
,,
36.7397964,-1.2938321,"Riruta, Nairobi, Kenya"
36.8978019,-1.2540566,"PVWX+94F, Nairobi, Kenya"
36.9236474,-1.2565244,"Nairobi, Kenya"
36.8223358,-1.2854576,"Landimawe, Starehe, Starehe, Nairobi, Kenya"
36.831537,-1.2731707,"Next To Ngara Nursery School, Park Rd, Nairobi, Kenya"
36.7906854,-1.2994605,"Woodley, Kibra, Kibra, Nairobi, Kenya"
36.883418,-1.234584,"Kiambu, Kenya"
,,
36.920558,-1.229663,"Kasarani Mwiki Rd, Nairobi, Kenya"
36.920558,-1.229663,"Kasarani Mwiki Rd, Nairobi, Kenya"
36.9318,-1.2493,"QW2J+7PF, Nairobi, Kenya"
36.88542,-1.2461716,"Nairobi, Kenya"
36.866012,-1.2531189,"Utalii, Ruaraka, Nairobi, Kenya"
36.7879776,-1.3114234,"Woodley, Kibra, Kibra, Nairobi, Kenya"
36.7416701,-1.2865883,"Kabiro, Dagoretti North, Dagoretti South, Nairobi, Kenya"
36.7388981,-1.2835568,"Naivasha Rd, Nairobi, Kenya"
,,
,,
36.8251768,-1.2824683,"Latema Rd, Nairobi, Kenya"
36.8640861,-1.2915477,"Maringo/Hamza, Makadara, Nairobi, Kenya"
36.9030276,-1.1836556,"Nairobi, Kenya"
,,
,,
,,
,,
36.748803,-1.2664725,"Nairobi, Kenya"
36.8398293,-1.272545,"Starehe, Nairobi, Kenya"
,,
,,
36.8320124,-1.273656,"Kinsasha Rd, Nairobi City, Kenya"
36.8317244,-1.273818,"Park Road Nairobi KE, Nairobi, Kenya"
36.9093555,-1.2793101,"Patanisho Estate, Lower Savannah, off Masimba Rd, Nairobi, Kenya"
36.891712,-1.2573718,"Phase 1, Dandora Community Centre, Muigai Kenyatta Rd, Nairobi, Kenya"
36.8986705,-1.3199126,"Kayole Central, Embakasi Central, Embakasi, Nairobi, Kenya"
36.8929823,-1.3174881,"Pipeline, Embakasi South, Embakasi South, Nairobi, Kenya"
,,
36.9057288,-1.2743571,"Umoja, Nairobi, Kenya"
,,
,,
,,
,,
36.896815,-1.323327,"Nairobi, Kenya"
36.809828,-1.2675001,"Jemindas Nursing Home Limited, Mogotio Road, Highridge sublocation, Highridge location, Highridge division, Westlands, Nairobi, 97104, Kenya"
,,
36.8246068,-1.2871796,"Reinsurance Plaza, Nairobi, Kenya"
36.7919177,-1.8421285,"Ewuaso Oo Nkidong'i, Kajiado West, Kajiado West, Kajiado, Kajiado, Kenya"
36.9247384,-1.2247947,"Nairobi, Kenya"
36.7476257,-1.3640944,"Nairobi West, Nairobi, Kenya"
,,
36.8215749,-1.2848028,"Nairobi Central, Starehe, Starehe, Nairobi, Kenya"
36.9863415,-1.2536408,"Ruai, Nairobi, Kenya"
36.8228142,-1.2839456,"209/2647, Nairobi, Kenya"
,,
,,
36.8962826,-1.2091997,"Zimmerman, Nairobi, Kenya"
36.9247103,-1.2532054,"PWWF+PV8, Nairobi, Kenya"
36.9069054,-1.1858857,"Nairobi, Kenya"
,,
36.9089417,-1.2705731,"Komarock, Embakasi Central, Embakasi, Nairobi, Kenya"
,,
36.8801582,-1.284629,"5th Floor, Tumaini House, Opposite Kencom House, Mumias S Rd, Nairobi, Kenya"
,,
36.8909401,-1.2503642,"Korogocho, Nairobi, Kenya"
36.9121718,-1.2705983,"KAYOLE OPPOSITE COOPERATIVE BANK &, Kayole Spine Rd, Nairobi, Kenya"
36.9121718,-1.2705983,"KAYOLE OPPOSITE COOPERATIVE BANK &, Kayole Spine Rd, Nairobi, Kenya"
,,
36.8885924,-1.2501157,"Korogocho, Nairobi, Kenya"
36.8822833,-1.2856717,"Umoja I, Embakasi West, Embakasi West, Nairobi, Kenya"
,,
36.9084356,-1.2684816,"Komarock, Embakasi Central, Embakasi, Nairobi, Kenya"
,,
36.8457298,-1.2777982,"PRCW+V7Q, Nairobi, Kenya"
36.8458948,-1.2816688,"Nairobi, Kenya"
36.8454773,-1.2806642,"Pumwani, Nairobi, Kenya"
36.8454773,-1.2806642,"Pumwani, Nairobi, Kenya"
,,
36.9011284,-1.2182075,"Radiant Hospital, Nairobi, Kenya"
36.8404648,-1.2690277,"Pangani, Along Juja Road, Opposite Getrude Chidlren's Hospital, Next to FM Pub, Pangani, Nairobi, Kenya"
36.8511395,-1.278046,"Mountain View, Westlands, PVF2+HPX, Niinth St, Nairobi, Kenya"
36.7810802,-1.3126257,"MQPJ+WCW, Nairobi, Kenya"
36.8434437,-1.3166473,"Nairobi South, Starehe, Starehe, Nairobi, Kenya"
,,
,,
,,
,,
36.7516044,-1.2879066,"Kabiro, Dagoretti North, Dagoretti South, Nairobi, Kenya"
36.88044,-1.240591,"Kariobangi South, Embakasi West, Embakasi West, Nairobi, Kenya"
36.886122,-1.2624895,"Kariobangi South, Embakasi West, Embakasi West, Nairobi, Kenya"
36.887867,-1.247785,"Nairobi, Kenya"
36.7778633,-1.0585516,"Muthwani, Athi River, Mavoko, Machakos, Kenya"
36.892503,-1.2877943,"Moi Drive Tena Estate Nairobi KE, Nairobi, Kenya"
36.9120374,-1.2428811,"Nairobi, Kenya"
36.8877275,-1.325261,"Kwa Reuben, Nairobi, Kenya"
36.7753774,-1.3156108,"MQMG+Q52, Nairobi, Kenya"
36.7138684,-1.2819632,"Waithaka, Dagoretti South, Dagoretti South, Nairobi, Kenya"
36.8238115,-1.2920429,"Landimawe, Starehe, Starehe, Nairobi, Kenya"
36.830077,-1.285312,"Room 1 A 1, 1st Floor, Gatkim Building, Behind Ronald Ngara Post Office, Next To Mumbi House, Temple Ln, Nairobi, Kenya"
,,
36.7412836,-1.2870597,"Kawangware, Dagoretti North, Dagoretti North, PP5R+WGV, Nyakinyua Rd, Nairobi, Kenya"
,,
36.8999616,-1.3237858,"Embakasi, Embakasi East, Embakasi East, Nairobi, Kenya"
36.8999616,-1.3237858,"Embakasi, Embakasi East, Embakasi East, Nairobi, Kenya"
36.7751445,-1.311121,"Sarang'ombe, Nairobi, Kenya"
36.88044,-1.240591,"Kariobangi South, Embakasi West, Embakasi West, Nairobi, Kenya"
,,
36.913794,-1.2064151,"Githurai, Nairobi, Kenya"
36.7895942,-1.3141083,"Kibra Drive, Nairobi, Kenya"
,,
36.9896,-1.2682,"PXJQ+PRH, Nairobi, Kenya"
36.986028,-1.2558961,"Ruai, Nairobi, Kenya"
36.9890933,-1.2760243,"Ruai, Nairobi, Kenya"
36.8808064,-1.2439336,"Ruaraka, Nairobi, Kenya"
36.885225,-1.226956,"Opposite Safari Park Hotel Thika Road, Nairobi, Kenya"
36.8277654,-1.2876476,"Starehe, Nairobi, Kenya"
36.8328453,-1.307123,"Makina, Nairobi, Kenya"
,,
36.9161927,-1.255958,"Kangundo Rd, Nairobi, Kenya"
,,
36.9119404,-1.2422429,"Dandora Area Iv, Embakasi North, Embakasi North, QW56+4Q3, Nairobi, Kenya"
36.9032849,-1.2171461,"Clay City, Nairobi, Kenya"
,,
36.9111411,-1.2721819,"Komarock, Embakasi Central, Embakasi, Nairobi, Kenya"
36.7476257,-1.3640944,"Nyayo Highrise, Nairobi, Kenya"
36.8347505,-1.305288,"3rd Floor, Joginder Building, Industrial Area, Butere Rd, Nairobi, Kenya"
30.6458749,-2.495627,"Ngara, Tanzania"
36.8922993,-1.3280918,"South, Embakasi South, Nairobi, Kenya"
,,
,,
,,
36.789034,-1.307593,"Mugumo-ini, Nairobi, Kenya"
,,
36.7476257,-1.3640944,"Langata, Nairobi, Kenya"
,,
,,
,,
36.8328453,-1.307123,"Pumwani, Nairobi, Kenya"
36.8425202,-1.2899731,"Pumwani, Nairobi, Kenya"
36.8479018,-1.2898823,"Shauri Moyo, Nairobi, Kenya"
,,
36.8663211,-1.2936826,"Maringo/Hamza, Makadara, Nairobi, Kenya"
,,
,,
,,
36.8020845,-1.322523,"Nyayo Highrise, Nairobi, Kenya"
,,
36.8386126,-1.2810739,"Starehe, Nairobi, Kenya"
36.8376746,-1.3122026,"Kapiti Cres, Nairobi, Kenya"
36.8328687,-1.3145443,"Nairobi South, Starehe, Starehe, Nairobi, Kenya"
,,
36.9181006,-1.2692754,"PWJ9+76Q, Nairobi, Kenya"
36.7794257,-1.3208096,"Mugumo-ini, Nairobi, Kenya"
,,
36.7791903,-1.3112301,"Sarang'ombe, Nairobi, Kenya"
,,
36.9093896,-1.2477798,"Dandora Area I, Nairobi, Kenya"
36.783796,-1.321342,"Mugumo-Ini St, Nairobi, Kenya"
36.7074099,-1.2299612,"Kabete Back Rd, Nairobi, Kenya"
36.913794,-1.2064151,"Githurai, Nairobi, Kenya"
,,
36.8978166,-1.2788528,"Close To Wamimo General Shop, Next To Chief's Camp, Umoja Two, PVCX+F44, Moi Drive, Nairobi, Kenya"
36.9752705,-1.2775805,"Utawala, Embakasi East, Embakasi East, PXCG+W2F, Nairobi, Kenya"
36.914091,-1.280141,"Nairobi, Kenya"
,,
,,
,,
,,
,,
,,
36.9158226,-1.2256602,"Kasarani - Mwiki Road, QWH9+52Q, City Chicken Road, Nairobi, Kenya"
36.8219462,-1.2920659,"Nairobi, Kenya"
,,
,,
,,
,,
,,
,,
36.9432767,-1.248971,"Njiru, Nairobi, Kenya"
36.8468517,-1.290484,"California, Nairobi, Kenya"
36.9076138,-1.1807935,"Nairobi, Kenya"
,,
36.7391194,-1.270955,"PPHQ+JJ9, Nairobi, Kenya"
36.7414444,-1.302741,"MPWR+WH4, Nairobi, Kenya"
,,
36.8014305,-1.3154753,"Nyayo Highrise, Nairobi, Kenya"
36.8276125,-1.1701326,"Township, Kiambu, Kenya"
,,
,,
36.7836063,-1.3119669,"St Mary's Medical Clinic, Karanja Road, Makina ward, Kibra, Nairobi, 44847, Kenya"
,,
36.7745246,-1.3226104,"Lang’ata, Nairobi, Kenya, Nairobi, Kenya"
36.9051393,-1.2829101,"PW84+R3J, Nairobi, Kenya"
,,
36.9069054,-1.1858857,"Nairobi, Kenya"
,,
,,
,,
,,
36.881468,-1.253358,"Kariobangi North, Embakasi North, Embakasi North, Nairobi, Kenya"
,,
36.8951996,-1.2058885,"Zimmerman, Nairobi, Kenya"
36.7516044,-1.2879066,"Kabiro, Dagoretti North, Dagoretti South, Nairobi, Kenya"
36.7516044,-1.2879066,"Kabiro, Dagoretti North, Dagoretti South, Nairobi, Kenya"
36.8482927,-1.2682862,"Nairobi, Kenya"
,,
,,
36.848767,-1.266822,"Nairobi, Kenya"
36.8219462,-1.2920659,"Nairobi, Kenya"
36.7794,-1.3101,"Nairobi, Kenya"
,,
,,
,,
,,
,,
36.8480792,-1.2740897,"PRGX+968, FIrst Avenue, Nairobi, Kenya"
,,
36.9225023,-1.2305156,"Santon Estate Kamutini Stage, QW9F+Q2R, Santon CFW Clinic, Nairobi, Kenya"
36.8398293,-1.272545,"Starehe, Nairobi, Kenya"
34.508523,-8.783195,Africa
36.8268237,-1.2865228,"KTDA Plaza, Tom Mboya St, Nairobi, Kenya"
,,
36.9242631,-1.2633137,"North, Kenya"
36.7744025,-1.3107583,"Swop Clinic, Kibera Drive, Ayany, Sarang'ombe ward, Kibra, Nairobi, 44847, Kenya"
36.7375018,-1.2843362,"Riruta, Dagoretti South, Dagoretti South, Nairobi, Kenya"
36.8822433,-1.2566053,"Kariobangi North, Embakasi North, Embakasi North, Nairobi, Kenya"
36.8941491,-1.2974816,"PV3V+2M2, Nairobi, Kenya"
36.8705483,-1.2370494,"Nairobi, Kenya"
36.7801709,-1.316234,"Nairobi, Kenya"
36.8312195,-1.2744699,"Al Furqan Towers, Park Rd, Nairobi, Kenya"
36.9051196,-1.19937,"Ground Floor, Near Allan Arcade 44 Kamiti Road, Tazama dental kwa meno, street, Nairobi, Kenya"
,,
,,
36.82453,-1.291846,"Landimawe, Starehe, Starehe, Nairobi, Kenya"
36.890202,-1.2919453,"Umoja I, Embakasi West, Embakasi West, Nairobi, Kenya"
36.9069151,-1.2482987,"Embakasi North, Nairobi, Kenya"
,,
36.8208252,-1.3114307,"South C Junction of Mai Mahiu Rd, Thogoto Rd, Nairobi, Kenya"
36.8957363,-1.2188899,"Pazuri Place, Kasarani Mwiki Rd, Nairobi, Kenya"
,,
,,
,,
36.7412836,-1.2870597,"Riruta, Dagoretti South, Dagoretti South, Nairobi, Kenya"
36.9196841,-1.2619407,"Kayole North, Embakasi Central, Embakasi, Nairobi, Kenya"
,,
36.4974635,-1.1488449,"Ewuaso Oo Nkidong'i, Kajiado West, Kajiado West, Kajiado, Ewaso Kendong, Kenya"
36.7731308,-1.3087999,"Nairobi, Kenya"
,,
,,
,,
36.870488,-1.28223,"Harambee, Makadara, Makadara, Nairobi, Kenya"
,,
36.8879083,-1.2821248,"Umoja I, Embakasi West, Embakasi West, Nairobi, Kenya"
36.9057288,-1.2743571,"Umoja, Nairobi, Kenya"
36.8885706,-1.2866398,"Mowlem, Embakasi West, Embakasi West, Nairobi, Kenya"
36.8944706,-1.2833069,"Umoja I, Moi Drive, Nairobi, Kenya"
36.879145,-1.2184326,"Nairobi, Kenya"
,,
,,
36.8038026,-1.273882,"Kilimani, Dagoretti North, Dagoretti North, Nairobi, Kenya"
36.809188,-1.2785279,"PRC5+HMP, State House Rd, Nairobi, Kenya"
36.8219462,-1.2920659,"Nairobi, Kenya"
,,
36.8721139,-1.2952979,"Maringo/Hamza, Nairobi, Kenya"
36.8584035,-1.2633625,"Upendo Dispensary, Mau Mau Road, Mathare 3B, Mlango Kubwa ward, Mathare, Nairobi, 00611, Kenya"
36.9099203,-1.1989923,"Githurai 44, Githurai, Kenya"
36.7727035,-1.307718,"Sarang'ombe, Nairobi, Kenya"
36.9745167,-1.2888935,"Utawala Kincar stage, Nairobi, Kenya"
36.7182565,-1.2687273,"Uthiru/Ruthimitu, Dagoretti South, Dagoretti South, PPJ9+M62, Mugi Road, Nairobi, Kenya"
36.8576966,-1.2571072,"Thika Rd, Nairobi, Kenya"
36.8328453,-1.307123,"Woodley, Kibra, Kibra, Nairobi, Kenya"
,,
,,
,,
,,
36.7892073,-1.3022059,"Vips Centre, Off, Ngong Rd, Nairobi, Kenya"
36.7139515,-1.281995,"Waithaka, Nairobi, Kenya"
36.86701385,-1.2590773,"Wakibe Medical Clinic, Mbuthia Lane, Ngei 2B, Huruma ward, Mathare, Nairobi, 00611, Kenya"
36.9025341,-1.2482437,"Dandora Area I, Embakasi North, Embakasi North, Nairobi, Kenya"
36.9890933,-1.2760243,"Ruai, Nairobi, Kenya"
36.9199823,-1.2064772,"Thika Rd, Nairobi, Kenya"
36.9245259,-1.2256166,"00300, Opposite Safe Landing Guest House, Off Mwiki - Kasarani Road, Nairobi, Kenya"
36.7757822,-1.3362692,"Mugumo-ini, Nairobi, Kenya"
36.7933882,-1.2971868,"Mugumo-ini, Nairobi, Kenya"
36.9154709,-1.2837688,"Nairobi, Kenya"
,,
36.7498955,-1.2865675,"Salim Road, Nairobi, Kenya"
,,
36.812022,-1.2675001,"Westlands, Nairobi, Kenya"
36.799723,-1.260891,"Nairobi, Kenya"
36.803648,-1.2645483,"Parklands/Highridge, Westlands, Nairobi, Kenya"
,,
36.7879776,-1.3114234,"Woodley, Kibra, Kibra, Nairobi, Kenya"
36.8600088,-1.2731795,"Nairobi, Kenya"
,,
36.8869064,-1.2184586,"Zimmerman, Nairobi, Kenya"
,,
36.8271,-1.3146631,"South C, Nairobi, Kenya"
